Timestamp,Command,Duration_ms,Average_RAM_MB
2025-08-27 10:19:02,make -j17,1228.139348000,97.815
2025-08-27 10:19:11,make -j17,1344.186873000,88.465
2025-08-27 10:20:13,make -j17,158.918002000,5.258
2025-08-27 10:20:15,make -j17,156.659230000,5.133
2025-08-27 10:20:16,make -j17,168.934081000,5.195
2025-08-27 10:20:17,make -j17,172.895473000,5.195
2025-08-27 10:20:18,make -j17,166.995161000,4.984
2025-08-27 10:20:18,make -j17,176.016630000,5.008
2025-08-27 10:20:19,make -j17,159.348167000,5.195
2025-08-27 10:20:20,make -j17,172.127849000,5.195
2025-08-27 10:20:20,make -j17,178.018759000,5.195
2025-08-27 10:20:21,make -j17,178.664244000,5.195
2025-08-27 10:20:22,make -j17,155.094224000,5.129
2025-08-27 10:20:23,make -j17,177.246807000,5.195
2025-08-27 10:20:24,make -j17,171.587881000,5.195
2025-08-27 10:20:28,make -j17,177.070672000,5.195
2025-08-27 10:20:30,make -j17,171.454183000,5.133
2025-08-27 10:20:30,make -j17,173.055070000,5.195
2025-08-27 10:20:32,make -j17,174.554742000,5.133
2025-08-27 10:20:33,make -j17,172.629331000,5.258
2025-08-27 10:20:33,make -j17,165.129680000,5.129
2025-08-27 10:20:40,make -j17,171.020276000,5.176
2025-08-27 10:20:44,make -j17,172.465872000,5.258
2025-08-27 10:20:48,make -j17,172.989671000,5.195
2025-08-27 10:20:49,make -j17,174.807004000,5.133
2025-08-27 10:20:50,make -j17,156.491673000,5.070
2025-08-27 10:20:50,make -j17,156.997266000,5.195
2025-08-27 10:20:51,make -j17,155.287534000,5.195
2025-08-27 10:20:51,make -j17,154.941592000,5.195
2025-08-27 10:20:52,make -j17,171.792529000,5.258
2025-08-27 10:20:53,make -j17,154.381473000,5.195
2025-08-27 10:20:53,make -j17,152.836573000,5.133
2025-08-27 10:20:53,make -j17,154.518541000,5.195
2025-08-27 10:20:54,make -j17,152.554350000,5.195
2025-08-27 11:48:27,make -j17,1224.550982000,104.075
2025-09-02 09:12:05,make -j17,1335.720307000,96.110
2025-09-02 09:12:08,make -j17,1234.380405000,102.655
2025-09-02 11:43:40,make -j17,145028.499983000,1250.718
2025-09-02 11:46:30,make -j17,146385.424298000,1251.414
2025-09-02 11:55:02,make -j17,146060.101033000,1246.340
2025-09-02 13:10:08,make -j17,1337347.442947000,3099.094
2025-09-02 13:35:34,make -j17,1522.569549000,106.670
2025-09-02 13:36:08,make -j17,14163.341977000,517.814
2025-09-02 13:36:45,make -j17,14166.921050000,519.284
2025-09-02 13:37:19,make -j17,14258.642123000,517.530
2025-09-02 13:38:16,make -j17,458653.867392000,1940.065
2025-09-02 13:46:48,make -j17,471382.327024000,1943.312
2025-09-03 08:37:56,make -j17,434560.246815000,1934.344
2025-09-11 12:02:02,make -j17,153995.348274000,1247.177
2025-09-11 12:04:49,make -j17,461048.844975000,1937.084
2025-09-11 12:14:15,make -j17,151109.123124000,1249.640
2025-09-11 12:21:05,make -j17,483068.815324000,1939.908
